
-- ============================================================
-- PROJECT 1: SYNTHETIC DATA
-- 50 members | eligibility | claims | pharmacy fills
-- ============================================================

-- ────────────────────────────────
-- 1. MEMBER_DIM
-- ────────────────────────────────
INSERT INTO member_dim (member_id,dob,sex,zip3,state,death_dt,source_system) VALUES
(1001,'1955-03-12','M','100','TX',NULL,'SYNTHETIC'),
(1002,'1962-07-22','F','902','CA',NULL,'SYNTHETIC'),
(1003,'1948-11-05','M','606','IL',NULL,'SYNTHETIC'),
(1004,'1970-01-30','F','770','TX',NULL,'SYNTHETIC'),
(1005,'1958-09-14','M','850','FL',NULL,'SYNTHETIC'),
(1006,'1945-06-01','F','100','TX','2023-11-15','SYNTHETIC'),
(1007,'1980-02-28','M','300','GA',NULL,'SYNTHETIC'),
(1008,'1953-12-10','F','191','PA',NULL,'SYNTHETIC'),
(1009,'1967-04-17','M','480','MI',NULL,'SYNTHETIC'),
(1010,'1975-08-23','F','606','IL',NULL,'SYNTHETIC'),
(1011,'1950-05-09','M','441','OH',NULL,'SYNTHETIC'),
(1012,'1963-10-31','F','770','TX',NULL,'SYNTHETIC'),
(1013,'1959-03-18','M','850','FL',NULL,'SYNTHETIC'),
(1014,'1972-07-04','F','902','CA',NULL,'SYNTHETIC'),
(1015,'1944-01-25','M','100','TX',NULL,'SYNTHETIC'),
(1016,'1968-11-11','F','300','GA',NULL,'SYNTHETIC'),
(1017,'1981-06-30','M','191','PA',NULL,'SYNTHETIC'),
(1018,'1956-02-14','F','480','MI',NULL,'SYNTHETIC'),
(1019,'1949-09-27','M','441','OH',NULL,'SYNTHETIC'),
(1020,'1977-04-03','F','606','IL',NULL,'SYNTHETIC'),
(1021,'1961-08-16','M','770','TX',NULL,'SYNTHETIC'),
(1022,'1954-12-29','F','850','FL',NULL,'SYNTHETIC'),
(1023,'1969-05-07','M','902','CA',NULL,'SYNTHETIC'),
(1024,'1973-10-20','F','100','TX',NULL,'SYNTHETIC'),
(1025,'1947-03-01','M','300','GA',NULL,'SYNTHETIC'),
(1026,'1982-07-14','F','191','PA',NULL,'SYNTHETIC'),
(1027,'1957-11-28','M','480','MI',NULL,'SYNTHETIC'),
(1028,'1965-04-11','F','441','OH',NULL,'SYNTHETIC'),
(1029,'1952-08-24','M','606','IL',NULL,'SYNTHETIC'),
(1030,'1978-01-07','F','770','TX',NULL,'SYNTHETIC'),
(1031,'1960-06-20','M','850','FL',NULL,'SYNTHETIC'),
(1032,'1955-10-03','F','902','CA',NULL,'SYNTHETIC'),
(1033,'1971-03-17','M','100','TX',NULL,'SYNTHETIC'),
(1034,'1964-07-30','F','300','GA',NULL,'SYNTHETIC'),
(1035,'1946-12-13','M','191','PA',NULL,'SYNTHETIC'),
(1036,'1979-05-26','F','480','MI',NULL,'SYNTHETIC'),
(1037,'1953-09-08','M','441','OH',NULL,'SYNTHETIC'),
(1038,'1966-02-21','F','606','IL',NULL,'SYNTHETIC'),
(1039,'1974-07-05','M','770','TX',NULL,'SYNTHETIC'),
(1040,'1951-11-18','F','850','FL',NULL,'SYNTHETIC'),
(1041,'1983-04-01','M','902','CA',NULL,'SYNTHETIC'),
(1042,'1958-08-15','F','100','TX',NULL,'SYNTHETIC'),
(1043,'1962-01-28','M','300','GA',NULL,'SYNTHETIC'),
(1044,'1970-06-11','F','191','PA',NULL,'SYNTHETIC'),
(1045,'1948-10-24','M','480','MI',NULL,'SYNTHETIC'),
(1046,'1976-03-07','F','441','OH',NULL,'SYNTHETIC'),
(1047,'1959-07-21','M','606','IL',NULL,'SYNTHETIC'),
(1048,'1967-12-04','F','770','TX',NULL,'SYNTHETIC'),
(1049,'1954-04-17','M','850','FL',NULL,'SYNTHETIC'),
(1050,'1980-09-30','F','902','CA',NULL,'SYNTHETIC');

-- ────────────────────────────────
-- 2. ELIGIBILITY_FACT
-- ────────────────────────────────
INSERT INTO eligibility_fact (eligibility_id,member_id,cov_start_dt,cov_end_dt,product_line,plan_type,load_batch_id,load_dt) VALUES
(1,1001,'2023-01-01','2023-12-31','Medicare','HMO',1,NOW()),
(2,1002,'2023-01-01','2023-12-31','Commercial','PPO',1,NOW()),
(3,1003,'2023-01-01','2023-12-31','Medicare','HMO',1,NOW()),
(4,1004,'2023-01-01','2023-12-31','Commercial','HMO',1,NOW()),
(5,1005,'2023-01-01','2023-12-31','Medicaid','HMO',1,NOW()),
(6,1006,'2023-01-01','2023-11-15','Medicare','PPO',1,NOW()),
(7,1007,'2023-01-01','2023-12-31','Commercial','PPO',1,NOW()),
(8,1008,'2023-01-01','2023-12-31','Medicare','HMO',1,NOW()),
(9,1009,'2023-01-01','2023-12-31','Commercial','PPO',1,NOW()),
(10,1010,'2023-01-01','2023-12-31','Medicaid','HMO',1,NOW()),
(11,1011,'2023-01-01','2023-12-31','Medicare','HMO',1,NOW()),
(12,1012,'2023-01-01','2023-12-31','Commercial','PPO',1,NOW()),
(13,1013,'2023-01-01','2023-12-31','Medicare','HMO',1,NOW()),
(14,1014,'2023-03-01','2023-12-31','Commercial','PPO',1,NOW()),
(15,1015,'2023-01-01','2023-12-31','Medicare','HMO',1,NOW()),
(16,1016,'2023-01-01','2023-09-30','Commercial','PPO',1,NOW()),
(17,1017,'2023-01-01','2023-12-31','Commercial','HMO',1,NOW()),
(18,1018,'2023-01-01','2023-12-31','Medicare','PPO',1,NOW()),
(19,1019,'2023-01-01','2023-12-31','Medicare','HMO',1,NOW()),
(20,1020,'2023-01-01','2023-12-31','Medicaid','HMO',1,NOW()),
(21,1021,'2023-01-01','2023-12-31','Commercial','PPO',1,NOW()),
(22,1022,'2023-01-01','2023-12-31','Medicare','HMO',1,NOW()),
(23,1023,'2023-01-01','2023-12-31','Commercial','PPO',1,NOW()),
(24,1024,'2023-01-01','2023-12-31','Medicaid','HMO',1,NOW()),
(25,1025,'2023-01-01','2023-12-31','Medicare','HMO',1,NOW()),
(26,1026,'2023-06-01','2023-12-31','Commercial','PPO',1,NOW()),
(27,1027,'2023-01-01','2023-12-31','Medicare','HMO',1,NOW()),
(28,1028,'2023-01-01','2023-12-31','Commercial','PPO',1,NOW()),
(29,1029,'2023-01-01','2023-12-31','Medicare','HMO',1,NOW()),
(30,1030,'2023-01-01','2023-12-31','Medicaid','HMO',1,NOW()),
(31,1031,'2023-01-01','2023-12-31','Medicare','PPO',1,NOW()),
(32,1032,'2023-01-01','2023-12-31','Commercial','HMO',1,NOW()),
(33,1033,'2023-01-01','2023-12-31','Medicaid','HMO',1,NOW()),
(34,1034,'2023-01-01','2023-12-31','Commercial','PPO',1,NOW()),
(35,1035,'2023-01-01','2023-12-31','Medicare','HMO',1,NOW()),
(36,1036,'2023-01-01','2023-12-31','Commercial','PPO',1,NOW()),
(37,1037,'2023-01-01','2023-12-31','Medicare','HMO',1,NOW()),
(38,1038,'2023-01-01','2023-12-31','Medicaid','HMO',1,NOW()),
(39,1039,'2023-01-01','2023-12-31','Commercial','PPO',1,NOW()),
(40,1040,'2023-01-01','2023-12-31','Medicare','HMO',1,NOW()),
(41,1041,'2023-01-01','2023-12-31','Commercial','PPO',1,NOW()),
(42,1042,'2023-01-01','2023-12-31','Medicare','HMO',1,NOW()),
(43,1043,'2023-01-01','2023-12-31','Commercial','PPO',1,NOW()),
(44,1044,'2023-01-01','2023-12-31','Medicaid','HMO',1,NOW()),
(45,1045,'2023-01-01','2023-12-31','Medicare','HMO',1,NOW()),
(46,1046,'2023-01-01','2023-12-31','Commercial','PPO',1,NOW()),
(47,1047,'2023-01-01','2023-12-31','Medicare','HMO',1,NOW()),
(48,1048,'2023-01-01','2023-12-31','Commercial','PPO',1,NOW()),
(49,1049,'2023-01-01','2023-12-31','Medicare','HMO',1,NOW()),
(50,1050,'2023-01-01','2023-12-31','Commercial','PPO',1,NOW());

-- ────────────────────────────────
-- 3. PROVIDER_DIM
-- ────────────────────────────────
INSERT INTO provider_dim VALUES
(501,'1234567890','Dr. Smith','Endocrinology','TX'),
(502,'2345678901','Dr. Jones','Internal Medicine','CA'),
(503,'3456789012','Dr. Patel','Family Medicine','IL'),
(504,'4567890123','Dr. Lee','Endocrinology','FL'),
(505,'5678901234','Dr. Brown','Emergency Medicine','GA');

-- ────────────────────────────────
-- 4. DIAGNOSIS_DIM
-- ────────────────────────────────
INSERT INTO diagnosis_dim VALUES
('E11.9', 'Type 2 diabetes mellitus without complications',     TRUE, FALSE,FALSE),
('E11.65','Type 2 diabetes with hyperglycemia',                 TRUE, FALSE,FALSE),
('E10.9', 'Type 1 diabetes mellitus without complications',     TRUE, FALSE,FALSE),
('E11.40','Type 2 diabetes with diabetic neuropathy',           TRUE, FALSE,FALSE),
('I10',   'Essential (primary) hypertension',                   FALSE,TRUE, FALSE),
('I50.9', 'Heart failure unspecified',                          FALSE,FALSE,TRUE),
('Z00.00','Encounter for general adult medical examination',     FALSE,FALSE,FALSE),
('R73.09','Other abnormal glucose',                             FALSE,FALSE,FALSE);

-- ────────────────────────────────
-- 5. PROCEDURE_DIM
-- ────────────────────────────────
INSERT INTO procedure_dim VALUES
('99213','Office visit established moderate complexity','Office Visit'),
('99214','Office visit established high complexity','Office Visit'),
('99283','ER visit moderate severity','Emergency'),
('99285','ER visit high severity','Emergency'),
('99221','Initial hospital care','Inpatient'),
('83036','Hemoglobin A1c test','Lab'),
('82947','Blood glucose test','Lab'),
('99232','Subsequent hospital care','Inpatient');

-- ────────────────────────────────
-- 6. DRUG_DIM
-- ────────────────────────────────
INSERT INTO drug_dim VALUES
('00003091560','metformin','Glucophage','4520010','Antidiabetic',TRUE),
('00169750312','insulin glargine','Lantus','2720010','Antidiabetic',TRUE),
('00310605030','sitagliptin','Januvia','4520020','Antidiabetic',TRUE),
('50090539700','empagliflozin','Jardiance','4520030','Antidiabetic',TRUE),
('00002771759','dulaglutide','Trulicity','4520040','Antidiabetic',TRUE),
('00006001054','lisinopril','Zestril','3610010','ACE Inhibitor',FALSE),
('00071015423','atorvastatin','Lipitor','3940010','Statin',FALSE);

-- ────────────────────────────────
-- 7. MEDICAL_CLAIM_FACT
-- ────────────────────────────────
INSERT INTO medical_claim_fact
(claim_id,member_id,provider_id,claim_type,admit_dt,discharge_dt,service_from_dt,service_to_dt,paid_amt,allowed_amt,billed_amt,place_of_service,source_system,load_batch_id,load_dt)
VALUES
(10001,1001,501,'PROF',NULL,NULL,'2023-02-10','2023-02-10',120.00,145.00,200.00,'11','SYNTHETIC',1,NOW()),
(10002,1001,501,'PROF',NULL,NULL,'2023-05-15','2023-05-15',120.00,145.00,200.00,'11','SYNTHETIC',1,NOW()),
(10003,1001,501,'PROF',NULL,NULL,'2023-08-20','2023-08-20',120.00,145.00,200.00,'11','SYNTHETIC',1,NOW()),
(10004,1001,501,'PROF',NULL,NULL,'2023-11-10','2023-11-10',120.00,145.00,200.00,'11','SYNTHETIC',1,NOW()),
(10005,1001,505,'ER',NULL,NULL,'2023-06-05','2023-06-05',850.00,950.00,1500.00,'23','SYNTHETIC',1,NOW()),
(10006,1001,501,'IP','2023-09-01','2023-09-04','2023-09-01','2023-09-04',4200.00,5000.00,9000.00,'21','SYNTHETIC',1,NOW()),
(10007,1002,502,'PROF',NULL,NULL,'2023-01-20','2023-01-20',110.00,135.00,185.00,'11','SYNTHETIC',1,NOW()),
(10008,1002,502,'PROF',NULL,NULL,'2023-04-22','2023-04-22',110.00,135.00,185.00,'11','SYNTHETIC',1,NOW()),
(10009,1002,502,'PROF',NULL,NULL,'2023-07-18','2023-07-18',110.00,135.00,185.00,'11','SYNTHETIC',1,NOW()),
(10010,1002,502,'PROF',NULL,NULL,'2023-10-25','2023-10-25',110.00,135.00,185.00,'11','SYNTHETIC',1,NOW()),
(10011,1003,503,'PROF',NULL,NULL,'2023-03-08','2023-03-08',130.00,155.00,210.00,'11','SYNTHETIC',1,NOW()),
(10012,1003,503,'PROF',NULL,NULL,'2023-09-14','2023-09-14',130.00,155.00,210.00,'11','SYNTHETIC',1,NOW()),
(10013,1003,505,'ER',NULL,NULL,'2023-07-02','2023-07-02',900.00,1050.00,1800.00,'23','SYNTHETIC',1,NOW()),
(10014,1004,503,'PROF',NULL,NULL,'2023-05-01','2023-05-01',95.00,115.00,160.00,'11','SYNTHETIC',1,NOW()),
(10015,1005,504,'PROF',NULL,NULL,'2023-02-28','2023-02-28',125.00,150.00,205.00,'11','SYNTHETIC',1,NOW()),
(10016,1005,504,'PROF',NULL,NULL,'2023-06-30','2023-06-30',125.00,150.00,205.00,'11','SYNTHETIC',1,NOW()),
(10017,1005,505,'ER',NULL,NULL,'2023-11-20','2023-11-20',780.00,900.00,1400.00,'23','SYNTHETIC',1,NOW()),
(10018,1007,501,'PROF',NULL,NULL,'2023-04-10','2023-04-10',110.00,130.00,180.00,'11','SYNTHETIC',1,NOW()),
(10019,1008,502,'PROF',NULL,NULL,'2023-06-15','2023-06-15',115.00,140.00,190.00,'11','SYNTHETIC',1,NOW()),
(10020,1008,505,'ER',NULL,NULL,'2023-08-03','2023-08-03',820.00,950.00,1550.00,'23','SYNTHETIC',1,NOW()),
(10021,1009,503,'PROF',NULL,NULL,'2023-03-22','2023-03-22',100.00,120.00,165.00,'11','SYNTHETIC',1,NOW()),
(10022,1010,504,'PROF',NULL,NULL,'2023-07-11','2023-07-11',130.00,155.00,215.00,'11','SYNTHETIC',1,NOW()),
(10023,1011,501,'IP','2023-04-05','2023-04-08','2023-04-05','2023-04-08',5100.00,6000.00,11000.00,'21','SYNTHETIC',1,NOW()),
(10024,1012,502,'PROF',NULL,NULL,'2023-09-19','2023-09-19',120.00,145.00,200.00,'11','SYNTHETIC',1,NOW()),
(10025,1013,503,'PROF',NULL,NULL,'2023-02-14','2023-02-14',110.00,135.00,185.00,'11','SYNTHETIC',1,NOW()),
(10026,1015,501,'PROF',NULL,NULL,'2023-05-05','2023-05-05',135.00,160.00,220.00,'11','SYNTHETIC',1,NOW()),
(10027,1018,502,'PROF',NULL,NULL,'2023-08-08','2023-08-08',115.00,140.00,190.00,'11','SYNTHETIC',1,NOW()),
(10028,1019,503,'IP','2023-10-10','2023-10-13','2023-10-10','2023-10-13',3900.00,4600.00,8500.00,'21','SYNTHETIC',1,NOW()),
(10029,1021,504,'PROF',NULL,NULL,'2023-04-25','2023-04-25',120.00,145.00,200.00,'11','SYNTHETIC',1,NOW()),
(10030,1022,501,'PROF',NULL,NULL,'2023-07-07','2023-07-07',125.00,150.00,205.00,'11','SYNTHETIC',1,NOW());

-- ────────────────────────────────
-- 8. MEDICAL_CLAIM_LINE_FACT
-- ────────────────────────────────
INSERT INTO medical_claim_line_fact
(claim_line_id,claim_id,line_num,cpt_hcpcs,rev_code,units,paid_amt,allowed_amt)
VALUES
(20001,10001,1,'99213',NULL,1,90.00,110.00),
(20002,10001,2,'83036',NULL,1,30.00,35.00),
(20003,10002,1,'99213',NULL,1,90.00,110.00),
(20004,10002,2,'83036',NULL,1,30.00,35.00),
(20005,10003,1,'99213',NULL,1,90.00,110.00),
(20006,10003,2,'82947',NULL,1,30.00,35.00),
(20007,10004,1,'99214',NULL,1,120.00,145.00),
(20008,10005,1,'99285',NULL,1,850.00,950.00),
(20009,10006,1,'99221',NULL,1,1200.00,1400.00),
(20010,10006,2,'99232',NULL,3,3000.00,3600.00),
(20011,10007,1,'99213',NULL,1,85.00,105.00),
(20012,10007,2,'83036',NULL,1,25.00,30.00),
(20013,10008,1,'99213',NULL,1,85.00,105.00),
(20014,10009,1,'99214',NULL,1,110.00,135.00),
(20015,10010,1,'99213',NULL,1,85.00,105.00),
(20016,10010,2,'83036',NULL,1,25.00,30.00),
(20017,10011,1,'99213',NULL,1,95.00,115.00),
(20018,10012,1,'99214',NULL,1,130.00,155.00),
(20019,10013,1,'99285',NULL,1,900.00,1050.00),
(20020,10014,1,'99213',NULL,1,95.00,115.00),
(20021,10015,1,'99213',NULL,1,100.00,120.00),
(20022,10015,2,'82947',NULL,1,25.00,30.00),
(20023,10016,1,'99214',NULL,1,125.00,150.00),
(20024,10017,1,'99283',NULL,1,780.00,900.00),
(20025,10018,1,'99213',NULL,1,110.00,130.00),
(20026,10019,1,'99213',NULL,1,90.00,110.00),
(20027,10020,1,'99285',NULL,1,820.00,950.00),
(20028,10021,1,'99213',NULL,1,100.00,120.00),
(20029,10022,1,'99214',NULL,1,130.00,155.00),
(20030,10023,1,'99221',NULL,1,1500.00,1800.00),
(20031,10023,2,'99232',NULL,3,3600.00,4200.00),
(20032,10024,1,'99213',NULL,1,90.00,110.00),
(20033,10025,1,'99213',NULL,1,85.00,105.00),
(20034,10026,1,'99214',NULL,1,135.00,160.00),
(20035,10027,1,'99213',NULL,1,115.00,140.00),
(20036,10028,1,'99221',NULL,1,1100.00,1300.00),
(20037,10028,2,'99232',NULL,3,2800.00,3300.00),
(20038,10029,1,'99213',NULL,1,120.00,145.00),
(20039,10030,1,'99214',NULL,1,125.00,150.00);

-- ────────────────────────────────
-- 9. MEDICAL_CLAIM_LINE_DX_BRIDGE
-- ────────────────────────────────
INSERT INTO medical_claim_line_dx_bridge VALUES
(20001,1,'E11.9'),(20001,2,'I10'),
(20003,1,'E11.9'),(20003,2,'I10'),
(20005,1,'E11.65'),
(20007,1,'E11.40'),(20007,2,'I10'),
(20008,1,'E11.65'),(20008,2,'I10'),
(20009,1,'E11.9'),(20009,2,'I50.9'),
(20011,1,'E11.9'),
(20013,1,'E11.9'),
(20014,1,'E11.65'),
(20015,1,'E11.9'),(20015,2,'I10'),
(20017,1,'E11.9'),
(20018,1,'E11.40'),
(20019,1,'E11.65'),(20019,2,'I10'),
(20020,1,'Z00.00'),
(20021,1,'E11.9'),
(20023,1,'E11.9'),(20023,2,'I10'),
(20024,1,'E11.65'),
(20025,1,'I10'),
(20026,1,'E10.9'),
(20027,1,'E10.9'),
(20028,1,'I10'),
(20029,1,'E11.9'),(20029,2,'I10'),
(20030,1,'E11.9'),(20030,2,'I50.9'),
(20031,1,'E11.9'),(20031,2,'I50.9'),
(20032,1,'E11.65'),
(20033,1,'E11.9'),
(20034,1,'E11.9'),(20034,2,'I10'),
(20035,1,'E11.40'),
(20036,1,'E11.65'),(20036,2,'I50.9'),
(20037,1,'E11.65'),
(20038,1,'E11.9'),
(20039,1,'E11.9'),(20039,2,'I10');

-- ────────────────────────────────
-- 10. PHARMACY_CLAIM_FACT
-- ────────────────────────────────
INSERT INTO pharmacy_claim_fact
(rx_claim_id,member_id,ndc,fill_dt,days_supply,quantity,paid_amt,allowed_amt,source_system,load_batch_id,load_dt)
VALUES
(30001,1001,'00003091560','2023-01-05',90,270,12.00,14.00,'SYNTHETIC',1,NOW()),
(30002,1001,'00003091560','2023-04-04',90,270,12.00,14.00,'SYNTHETIC',1,NOW()),
(30003,1001,'00003091560','2023-07-02',90,270,12.00,14.00,'SYNTHETIC',1,NOW()),
(30004,1001,'00003091560','2023-09-29',90,270,12.00,14.00,'SYNTHETIC',1,NOW()),
(30005,1001,'00169750312','2023-01-10',30,10,85.00,95.00,'SYNTHETIC',1,NOW()),
(30006,1001,'00169750312','2023-02-09',30,10,85.00,95.00,'SYNTHETIC',1,NOW()),
(30007,1001,'00169750312','2023-03-11',30,10,85.00,95.00,'SYNTHETIC',1,NOW()),
(30008,1001,'00169750312','2023-04-10',30,10,85.00,95.00,'SYNTHETIC',1,NOW()),
(30009,1001,'00169750312','2023-05-10',30,10,85.00,95.00,'SYNTHETIC',1,NOW()),
(30010,1001,'00169750312','2023-06-09',30,10,85.00,95.00,'SYNTHETIC',1,NOW()),
(30011,1001,'00169750312','2023-07-09',30,10,85.00,95.00,'SYNTHETIC',1,NOW()),
(30012,1001,'00169750312','2023-08-08',30,10,85.00,95.00,'SYNTHETIC',1,NOW()),
(30013,1001,'00169750312','2023-09-07',30,10,85.00,95.00,'SYNTHETIC',1,NOW()),
(30014,1001,'00169750312','2023-10-07',30,10,85.00,95.00,'SYNTHETIC',1,NOW()),
(30015,1001,'00169750312','2023-11-06',30,10,85.00,95.00,'SYNTHETIC',1,NOW()),
(30016,1001,'00169750312','2023-12-06',30,10,85.00,95.00,'SYNTHETIC',1,NOW()),
(30017,1002,'00310605030','2023-01-08',30,30,180.00,200.00,'SYNTHETIC',1,NOW()),
(30018,1002,'00310605030','2023-02-07',30,30,180.00,200.00,'SYNTHETIC',1,NOW()),
(30019,1002,'00310605030','2023-03-09',30,30,180.00,200.00,'SYNTHETIC',1,NOW()),
(30020,1002,'00310605030','2023-04-08',30,30,180.00,200.00,'SYNTHETIC',1,NOW()),
(30021,1002,'00310605030','2023-08-06',30,30,180.00,200.00,'SYNTHETIC',1,NOW()),
(30022,1002,'00310605030','2023-09-05',30,30,180.00,200.00,'SYNTHETIC',1,NOW()),
(30023,1002,'00310605030','2023-10-05',30,30,180.00,200.00,'SYNTHETIC',1,NOW()),
(30024,1002,'00310605030','2023-11-04',30,30,180.00,200.00,'SYNTHETIC',1,NOW()),
(30025,1003,'50090539700','2023-01-15',30,30,350.00,380.00,'SYNTHETIC',1,NOW()),
(30026,1003,'50090539700','2023-03-20',30,30,350.00,380.00,'SYNTHETIC',1,NOW()),
(30027,1003,'50090539700','2023-10-10',30,30,350.00,380.00,'SYNTHETIC',1,NOW()),
(30028,1005,'00003091560','2023-01-12',90,270,12.00,14.00,'SYNTHETIC',1,NOW()),
(30029,1005,'00003091560','2023-04-12',90,270,12.00,14.00,'SYNTHETIC',1,NOW()),
(30030,1005,'00003091560','2023-07-10',90,270,12.00,14.00,'SYNTHETIC',1,NOW()),
(30031,1005,'00003091560','2023-10-08',90,270,12.00,14.00,'SYNTHETIC',1,NOW()),
(30032,1008,'00169750312','2023-01-03',30,10,85.00,95.00,'SYNTHETIC',1,NOW()),
(30033,1008,'00169750312','2023-02-02',30,10,85.00,95.00,'SYNTHETIC',1,NOW()),
(30034,1008,'00169750312','2023-03-04',30,10,85.00,95.00,'SYNTHETIC',1,NOW()),
(30035,1008,'00169750312','2023-07-05',30,10,85.00,95.00,'SYNTHETIC',1,NOW()),
(30036,1008,'00169750312','2023-08-04',30,10,85.00,95.00,'SYNTHETIC',1,NOW()),
(30037,1008,'00169750312','2023-09-03',30,10,85.00,95.00,'SYNTHETIC',1,NOW()),
(30038,1008,'00169750312','2023-10-03',30,10,85.00,95.00,'SYNTHETIC',1,NOW()),
(30039,1008,'00169750312','2023-11-02',30,10,85.00,95.00,'SYNTHETIC',1,NOW()),
(30040,1008,'00169750312','2023-12-02',30,10,85.00,95.00,'SYNTHETIC',1,NOW()),
(30041,1010,'00002771759','2023-01-20',28,4,420.00,460.00,'SYNTHETIC',1,NOW()),
(30042,1010,'00002771759','2023-02-17',28,4,420.00,460.00,'SYNTHETIC',1,NOW()),
(30043,1010,'00002771759','2023-03-17',28,4,420.00,460.00,'SYNTHETIC',1,NOW()),
(30044,1010,'00002771759','2023-04-14',28,4,420.00,460.00,'SYNTHETIC',1,NOW()),
(30045,1010,'00002771759','2023-05-12',28,4,420.00,460.00,'SYNTHETIC',1,NOW()),
(30046,1010,'00002771759','2023-06-09',28,4,420.00,460.00,'SYNTHETIC',1,NOW()),
(30047,1010,'00002771759','2023-07-07',28,4,420.00,460.00,'SYNTHETIC',1,NOW()),
(30048,1010,'00002771759','2023-08-04',28,4,420.00,460.00,'SYNTHETIC',1,NOW()),
(30049,1010,'00002771759','2023-09-01',28,4,420.00,460.00,'SYNTHETIC',1,NOW()),
(30050,1010,'00002771759','2023-09-29',28,4,420.00,460.00,'SYNTHETIC',1,NOW()),
(30051,1010,'00002771759','2023-10-27',28,4,420.00,460.00,'SYNTHETIC',1,NOW()),
(30052,1010,'00002771759','2023-11-24',28,4,420.00,460.00,'SYNTHETIC',1,NOW()),
(30053,1012,'00003091560','2023-02-01',30,90,12.00,14.00,'SYNTHETIC',1,NOW()),
(30054,1015,'50090539700','2023-01-18',30,30,350.00,380.00,'SYNTHETIC',1,NOW()),
(30055,1015,'50090539700','2023-02-17',30,30,350.00,380.00,'SYNTHETIC',1,NOW()),
(30056,1015,'50090539700','2023-03-19',30,30,350.00,380.00,'SYNTHETIC',1,NOW()),
(30057,1015,'50090539700','2023-07-15',30,30,350.00,380.00,'SYNTHETIC',1,NOW()),
(30058,1015,'50090539700','2023-08-14',30,30,350.00,380.00,'SYNTHETIC',1,NOW()),
(30059,1015,'50090539700','2023-09-13',30,30,350.00,380.00,'SYNTHETIC',1,NOW()),
(30060,1015,'50090539700','2023-10-13',30,30,350.00,380.00,'SYNTHETIC',1,NOW()),
(30061,1015,'50090539700','2023-11-12',30,30,350.00,380.00,'SYNTHETIC',1,NOW()),
(30062,1019,'00003091560','2023-01-08',90,270,12.00,14.00,'SYNTHETIC',1,NOW()),
(30063,1019,'00003091560','2023-04-08',90,270,12.00,14.00,'SYNTHETIC',1,NOW()),
(30064,1019,'00003091560','2023-07-06',90,270,12.00,14.00,'SYNTHETIC',1,NOW()),
(30065,1019,'00003091560','2023-10-04',90,270,12.00,14.00,'SYNTHETIC',1,NOW()),
(30066,1021,'00310605030','2023-01-25',30,30,180.00,200.00,'SYNTHETIC',1,NOW()),
(30067,1021,'00310605030','2023-02-24',30,30,180.00,200.00,'SYNTHETIC',1,NOW()),
(30068,1021,'00310605030','2023-03-26',30,30,180.00,200.00,'SYNTHETIC',1,NOW()),
(30069,1021,'00310605030','2023-09-20',30,30,180.00,200.00,'SYNTHETIC',1,NOW()),
(30070,1021,'00310605030','2023-10-20',30,30,180.00,200.00,'SYNTHETIC',1,NOW()),
(30071,1021,'00310605030','2023-11-19',30,30,180.00,200.00,'SYNTHETIC',1,NOW());
